birthday,43
happy,41
time,37
fact,34
thoby,34
was,31
god,27
may,20
amen,16
when,13
who,13
soul,13
message,12
tobi,12
please,11
sorry,11
deleted,11
pls,11
boss,11
see,10
tobi,10
know,10
fact,10
our,10
list,10
by,10
has,9
lol,9
grace,9
share,9
peace,9
thanks,9
good,9
more,9
like,8
bless,8
after,8
his,8
she,8
new,8
some,8
o,8
page,8
sheet,7
thank,7
family,7
two,7
hbd,7
land,7
them,7
people,7
sir,7
loss,7
up,7
send,6
their,6
give,6
then,6
read,6
same,6
comfort,6
yes,6
even,6
payment,6
down,6
answer,6
many,6
today,6
peace,6
halleluyah,6
about,6
told,6
last,6
bring,6
him,5
updated,5
check,5
oo,5
these,5
qa,5
kindly,5
amen,5
should,5
there,5
need,5
dey,5
loss,5
money,5
question,5
february,5
come,5
day,5
cant,5
would,5
still,4
over,4
name,4
january,4
bear,4
before,4
oga,4
person,4
could,4
coming,4
book,4
did,4
news,4
food,4
pay,4
tobi,4
dz,4
very,4
why,4
people,4
phone,4
personal,4
ibadan,4
headlines,4
house,4
mass,4
argument,4
great,4
make,4
later,4
ten,4
health,4
nigeria,4
accept,4
old,4
na,4
joshua,4
blessed,4
lagos,4
facts,4
days,4
gods,4
wrong,4
life,4
years,4
amen,4
mother,4
while,4
team,4
another,3
books,3
most,3
thing,3
sent,3
blues,3
lord,3
year,3
live,3
were,3
wishing,3
decided,3
jesus,3
been,3
sir,3
die,3
baba,3
use,3
perfect,3
through,3
too,3
video,3
oooo,3
owing,3
shared,3
going,3
men,3
abeg,3
shall,3
don,3
strange,3
opinion,3
also,3
water,3
which,3
say,3
think,3
day,3
tell,3
pages,3
thats,3
showing,3
keep,3
first,3
spent,3
drinks,3
again,3
youll,3
age,3
stay,3
add,3
minutes,3
carry,3
everyone,3
lols,3
asked,3
kiwi,3
strong,3
out,3
lost,3
where,3
john,3
made,3
ooo,3
grant,3
largest,3
never,3
hh,3
diff,3
now,3
big,3
got,3
nothing,3
given,3
boy,3
used,3
naija,3
other,3
condolences,3
left,3
best,3
true,3
them,3
call,3
put,3
whole,3
balance,2
thats,2
billionaire,2
budget,2
yesterday,2
leaked,2
ijn,2
population,2
drove,2
best,2
once,2
ran,2
week,2
makes,2
ok,2
utme,2
having,2
only,2
taken,2
change,2
decision,2
post,2
well,2
where,2
family,2
eat,2
eternal,2
buy,2
part,2
man,2
cairo,2
lady,2
life,2
habakkuk,2
story,2
thinking,2
such,2
except,2
laff,2
gift,2
celebrate,2
take,2
above,2
admin,2
because,2
struggle,2
numbered,2
small,2
via,2
fortitude,2
dem,2
card,2
something,2
continue,2
pg,2
gave,2
o,2
provided,2
behind,2
sagamu,2
sheets,2
using,2
touching,2
let,2
finding,2
vs,2
perimetric,2
celebration,2
size,2
ni,2
number,2
declare,2
than,2
traffic,2
ope,2
explanation,2
destiny,2
bro,2
pages,2
pass,2
against,2
into,2
church,2
him,2
inside,2
colour,2
owning,2
status,2
alone,2
walking,2
wine,2
telling,2
towards,2
ay,2
double,2
r,2
argue,2
full,2
heart,2
shenny,2
office,2
pastor,2
guys,2
important,2
youve,2
understand,2
qualifications,2
lets,2
someone,2
grace,2
found,2
till,2
monday,2
update,2
register,2
stop,2
join,2
late,2
really,2
tht,2
dear,2
farmer,2
power,2
e,2
tomorrow,2
health,2
processed,2
yet,2
see,2
neva,2
requested,2
course,2
village,2
sabi,2
animal,2
pineapple,2
tear,2
airtime,2
bow,2
team,2
home,2
roundabout,2
increase,2
uphold,2
sheets,2
strengthen,2
true,2
valentine,2
address,2
name,2
said,2
always,2
night,2
modern,2
real,2
large,2
definition,2
grammar,2
google,2
established,2
money,2
called,2
written,2
true,2
father,2
cause,2
born,2
back,2
greater,2
almost,2
chapter,2
walls,2
sharing,2
hope,2
died,2
video,2
up,2
glorious,2
feb,2
prayers,2
cannot,2
laugh,2
mr,2
auto,2
sound,2
second,2
problem,2
seen,2
man,2
goodness,2
day,2
neyo,2
congratulations,2
ds,2
things,2
wish,2
fill,2
mean,2
abundant,2
bukky,2
already,2
dnt,2
lecture,2
today,2
north,2
car,2
olatunde,2
alot,2
enjoy,2
money,2
strength,2
fundraising,2
niyi,2
each,2
whatever,2
desire,1
goes,1
early,1
aborted,1
high,1
sustain,1
again,1
fail,1
dirty,1
kpi,1
comes,1
support,1
morning,1
brings,1
heel,1
sona,1
granted,1
movement,1
plans,1
december,1
soonthe,1
shows,1
boot,1
vals,1
excuses,1
arise,1
toasting,1
water,1
die,1
flow,1
excel,1
deserve,1
remain,1
love,1
dream,1
safety,1
job,1
shots,1
were,1
service,1
readd,1
idiot,1
ringtone,1
rang,1
hour,1
instance,1
searching,1
youre,1
hes,1
gun,1
habakkuk,1
babayato,1
franklin,1
ade,1
smiling,1
sirif,1
numberthem,1
picture,1
msgsame,1
paid,1
pple,1
forming,1
partyn,1
leads,1
updated,1
hod,1
names,1
requesting,1
swwwhotnigerianjobscomhotjobsnestoilgraduatetraineeprogramnonengineeringhtml,1
course,1
management,1
two,1
taking,1
com,1
digest,1
who,1
guy,1
sheets,1
leave,1
known,1
jere,1
sheets,1
china,1
children,1
shd,1
discuss,1
bro,1
has,1
job,1
naked,1
jungle,1
animals,1
saw,1
him,1
away,1
doesnt,1
supply,1
sheet,1
chinese,1
assuming,1
page,1
total,1
response,1
lol,1
himself,1
sharperly,1
sides,1
pages,1
analysis,1
sided,1
chance,1
pages,1
btw,1
doesnt,1
pages,1
explanation,1
out,1
scientists,1
infertility,1
sonny,1
wasted,1
turned,1
way,1
koseleri,1
blesses,1
obasanjo,1
wonder,1
launches,1
according,1
coalition,1
riches,1
glory,1
thorby,1
complete,1
wearers,1
needs,1
ever,1
young,1
brasseries,1
nndngqdbmg,1
pockets,1
todayng,1
_the,1
happy,1
husband,1
ways,1
treatment,1
celebrant,1
compulsory,1
sad,1
oooooo,1
bossbut,1
prayed,1
anyone,1
pictwittercomvzgmcmnbd,1
kunle,1
breakthrough,1
concerns,1
arthritis,1
agree,1
aquarian,1
imagine,1
inspire,1
shown,1
try,1
kid,1
find,1
fellow,1
age,1
culprit,1
effort,1
video,1
geared,1
culprits,1
helpful,1
elicit,1
involved,1
brotherly,1
planned,1
writeup,1
action,1
exercise,1
operation,1
tortoise,1
strolling,1
gunners,1
niyen,1
ok,1
naudown,1
somewhere,1
being,1
keh,1
least,1
either,1
better,1
parents,1
gain,1
crave,1
identifying,1
careful,1
registered,1
below,1
yourself,1
package,1
learner,1
boo,1
expired,1
refused,1
change,1
dp,1
selected,1
trip,1
travel,1
professional,1
seamless,1
exams,1
contain,1
link,1
indulgence,1
batteries,1
insult,1
tobi,1
womb,1
crimenot,1
blowing,1
occupations,1
starring,1
moron,1
engineers,1
right,1
mangers,1
specialistsbe,1
humble,1
doubleb,1
hustle,1
double,1
voter,1
morning,1
none,1
disbursing,1
backlog,1
supposed,1
outstanding,1
right,1
ask,1
treasuere,1
confirmed,1
record,1
red,1
yellow,1
babayato,1
update,1
bukola,1
confirm,1
yours,1
backlogs,1
much,1
arw,1
hang,1
unto,1
scared,1
contribution,1
hmmmmmmmmso,1
touching,1
understanding,1
shortcut,1
cemetery,1
ladies,1
joined,1
send,1
wednesday,1
st,1
becoming,1
religious,1
passes,1
allow,1
cooperation,1
flat,1
wrkwe,1
every,1
man,1
fun,1
among,1
drunkards,1
drunk,1
buffday,1
up,1
pisces,1
ago,1
bro,1
wwwnairalandcomnigeriahighestnumberextremelypoor,1
heights,1
amen,1
ogano,1
ooooobring,1
handed,1
house,1
loads,1
oluwatobiloba,1
run,1
o,1
party,1
tobigod,1
beyond,1
measure,1
yoursllnp,1
birthday,1
seconded,1
grow,1
nite,1
old,1
knees,1
stiffen,1
loosen,1
party,1
empty,1
bis,1
different,1
flight,1
electronic,1
odd,1
buhari,1
shock,1
nigerianshmmmm,1
wont,1
port,1
sport,1
range,1
exist,1
ubut,1
healing,1
powers,1
waterleaf,1
efo,1
gbure,1
fg,1
hand,1
day,1
win,1
aware,1
rat,1
machine,1
thengo,1
breaking,1
lover,1
valentine,1
love,1
leaking,1
citizens,1
forgetting,1
google,1
voting,1
frankbe,1
advised,1
lag,1
watch,1
northerners,1
learning,1
ways,1
nnpc,1
scarcity,1
hear,1
suppose,1
flog,1
national,1
forget,1
age,1
buhari,1
nah,1
reach,1
b,1
oen,1
cnnitnqasq,1
lives,1
london,1
kain,1
talk,1
protect,1
level,1
ogashey,1
wwwnairalandcomnigeriapoliceforcerecruitment,1
salary,1
listen,1
msg,1
nau,1
mention,1
oooi,1
breweries,1
please,1
taufik,1
fuel,1
buhariu,1
amgod,1
wey,1
goodoooo,1
hahkai,1
mister,1
friend,1
haba,1
salary,1
habakuku,1
bit,1
determine,1
orange,1
help,1
reading,1
powerful,1
piece,1
true,1
way,1
derive,1
available,1
home,1
slow,1
love,1
impossible,1
chop,1
mistaken,1
fruit,1
abegi,1
superbet,1
usually,1
tobbyu,1
start,1
abiwit,1
fact,1
thursday,1
th,1
since,1
ripen,1
practiced,1
bottom,1
top,1
turning,1
upside,1
hasten,1
process,1
however,1
relation,1
vitamin,1
friday,1
liverpool,1
brazil,1
association,1
couldnt,1
reception,1
invited,1
upright,1
side,1
solomon,1
dance,1
girlfriend,1
waste,1
precious,1
name,1
wedding,1
fall,1
test,1
th,1
playing,1
foolishness,1
valentines,1
equally,1
matured,1
pineapples,1
hotel,1
doors,1
inscriptions,1
them,1
abi,1
porto,1
igsosa,1
school,1
reached,1
students,1
alone,1
married,1
fc,1
believed,1
asin,1
kill,1
sources,1
numbers,1
pockets,1
others,1
goods,1
depending,1
jobs,1
pagesright,1
met,1
weekend,1
sight,1
coffin,1
entrance,1
church,1
vigilant,1
approaching,1
livelihood,1
came,1
okdone,1
worshippers,1
pasties,1
today,1
numbers,1
scripture,1
specific,1
february,1
thts,1
service,1
bread,1
became,1
ekene,1
boss,1
adds,1
cover,1
up,1
his,1
ooooo,1
chocolate,1
roof,1
store,1
storywrite,1
winner,1
explain,1
wayo,1
title,1
count,1
actual,1
airtime,1
market,1
editorial,1
invariably,1
wait,1
making,1
oil,1
head,1
rule,1
rd,1
starts,1
nails,1
selling,1
living,1
worshipers,1
organize,1
rebuild,1
church,1
contribute,1
earn,1
iron,1
better,1
eventually,1
tomatoes,1
tomatoes,1
auctioned,1
raise,1
operate,1
hardware,1
quiz,1
alomo,1
pizza,1
child,1
right,1
ma,1
quiz,1
letter,1
appears,1
year,1
twice,1
finish,1
hunger,1
around,1
haaaboss,1
come,1
bae,1
fit,1
valentine,1
fist,1
fever,1
valentines,1
jare,1
corner,1
viral,1
eh,1
impossible,1
cnn,1
story,1
alabama,1
custody,1
surprise,1
wetin,1
evening,1
had,1
joke,1
collapsing,1
padre,1
pm,1
ish,1
pornography,1
suspicious,1
french,1
design,1
any,1
fairly,1
pythons,1
salethey,1
swallow,1
added,1
minimum,1
group,1
almighty,1
cos,1
indigobird,1
emuren,1
eye,1
tintin,1
emurenlols,1
million,1
show,1
bank,1
celebrations,1
nigeria,1
tribes,1
wife,1
tribe,1
story,1
neighbouring,1
represents,1
minor,1
introducing,1
beautiful,1
girlfriend,1
wa,1
concur,1
valentine,1
countries,1
brothers,1
insists,1
agree,1
ojust,1
accordingly,1
okay,1
reliable,1
actually,1
rd,1
invite,1
evening,1
aslo,1
try,1
duty,1
possible,1
now,1
company,1
hot,1
able,1
ear,1
george,1
buying,1
slap,1
watching,1
garage,1
alone,1
wicked,1
sisterinlaw,1
mobile,1
emmanuel,1
israel,1
wife,1
woman,1
joshuas,1
nio,1
almighty,1
student,1
kan,1
console,1
lossmay,1
peacealmighty,1
irreparable,1
femi,1
seriously,1
taofik,1
vitality,1
problems,1
began,1
odun,1
crazy,1
died,1
days,1
advance,1
days,1
advance,1
next,1
healthy,1
baby,1
pig,1
ugly,1
wealth,1
fat,1
message,1
cruel,1
speak,1
lifehappy,1
k,1
everything,1
per,1
person,1
house,1
suggestions,1
children,1
years,1
odun,1
solving,1
coz,1
corruption,1
rush,1
gateman,1
abuja,1
possible,1
university,1
sold,1
guy,1
endeavours,1
knows,1
account,1
jam,1
dapchi,1
missing,1
insightful,1
girls,1
friendy,1
way,1
pics,1
bro,1
wisdom,1
knowledge,1
jolly,1
photographer,1
tk,1
easy,1
birthday,1
facthappy,1
babayato,1
sha,1
act,1
hr,1
bro,1
well,1
voidso,1
especially,1
music,1
trust,1
those,1
sufficient,1
dramas,1
cakes,1
long,1
living,1
pictures,1
pls,1
tunde,1
heres,1
heal,1
sure,1
wounds,1
wife,1
joshua,1
joshua,1
families,1
jojojust,1
strong,1
inform,1
serious,1
elder,1
conclude,1
jess,1
entire,1
theory,1
today,1
stories,1
demised,1
brothers,1
factwish,1
lifegood,1
finally,1
unending,1
wen,1
dere,1
hi,1
gtb,1
hello,1
otedolas,1
conspiracy,1
both,1
departed,1
sad,1
asking,1
detailed,1
kunleade,1
bade,1
formally,1
lagos,1
classical,1
spend,1
itno,1
wan,1
cnnevangelist,1
belle,1
preacher,1
o,1
situation,1
guiding,1
loool,1
whats,1
officer,1
generations,1
had,1
balance,1
american,1
scenario,1
broda,1
police,1
bros,1
why,1
far,1
christianity,1
died,1
material,1
type,1
news,1
wednesday,1
fake,1
walls,1
stopped,1
integration,1
globetrotting,1
graham,1
confidant,1
presidents,1
speeding,1
reverse,1
light,1
evangelicals,1
know,1
overworking,1
reduce,1
knw,1
hmmmm,1
maize,1
confirmed,1
littlestories,1
plantain,1
admission,1
cassavation,1
days,1
spokesman,1
amount,1
construction,1
cnn,1
yearpeople,1
stress,1
billy,1
offered,1
themselves,1
smfacebookcomstoryphpstory_fbidid,1
cassava,1
betja,1
find,1
yamation,1
riddle,1
ohhhh,1
yam,1
uncle,1
english,1
maization,1
plantation,1
jamb,1
questions,1
illustration,1
else,1
dad,1
c,1
soft,1
floor,1
resourcepeople,1
perimeter,1
marked,1
city,1
useless,1
without,1
main,1
obviously,1
aint,1
point,1
skool,1
population,1
forth,1
nice,1
likes,1
learn,1
populated,1
thoby,1
facilities,1
sir,1
keji,1
statsoga,1
workm,1
oya,1
abt,1
own,1
brown,1
tested,1
populated,1
heavily,1
opened,1
bigger,1
argument,1
geography,1
considering,1
irrespective,1
mine,1
proventhe,1
senmwikipediaorgwikiwalls_of_benin,1
timewe,1
converted,1
world,1
igba,1
utilize,1
hey,1
compare,1
iteration,1
benin,1
city,1
whistle,1
populous,1
sundayadelajablogcommeetworldsonlycombinedheartandkidneyspecialist,1
th,1
tuesday,1
inside,1
benue,1
millions,1
president,1
phones,1
like,1
largest,1
waka,1
jejely,1
matter,1
panellists,1
mi,1
largest,1
final,1
blow,1
particular,1
aswear,1
talent,1
terms,1
ambiguity,1
misleading,1
sir,1
hmmmm,1
appreciate,1
guru,1
ibadan,1
endeavoursenjoy,1
continually,1
path,1
fulfill,1
christ,1
pal,1
blast,1
far,1
bdaygreat,1
possibility,1
ife,1
may,1
abundantly,1
ife,1
mate,1
mates,1
atleast,1
lead,1
brought,1
manifold,1
stated,1
ogaaint,1
worlds,1
mixing,1
opinion,1
normally,1
dowhere,1
broo,1
opssorry,1
brother,1
team,1
leader,1
never,1
agrees,1
anything,1
guy,1
amiable,1
opinion,1
acknowledge,1
boss,1
paycheck,1
niyi,1
lots,1
factnot,1
concerned,1
persons,1
promised,1
openly,1
rejoice,1
updated,1
everybody,1
please,1
note,1
feel,1
express,1
critics,1
clarificationlet,1
land,1
jani,1
yoursbless,1
milestone,1
tobis,1
too,1
anything,1
feathers,1
hat,1
surpass,1
beautiful,1
endeavors,1
rich,1
twins,1
pray,1
portion,1
anointing,1
blessing,1
celebrants,1
greatly,1
written,1
prehistoric,1
recent,1
blessings,1
mumuni,1
entered,1
mosque,1
carrying,1
brand,1
olatunde,1
photosynthesis,1
teacher,1
driving,1
undone,1
nanny,1
select,1
daughter,1
looking,1
mothers,1
escape,1
topic,1
doctors,1
license,1
innovative,1
signs,1
calm,1
thy,1
surely,1
boos,1
missed,1
cardit,1
answers,1
stand,1
historians,1
teacher,1
teaching,1
words,1
opposite,1
mutabazi,1
simply,1
define,1
back,1
receive,1
member,1
defraud,1
outside,1
individual,1
retrieves,1
line,1
alakoba,1
prank,1
disregard,1
sugar,1
opinion,1
tobby,1
notify,1
stolen,1
reported,1
rasaq,1
tobbymeanwillyits,1
nowu,1
line,1
f,1
sex,1
started,1
until,1
laughing,1
girl,1
believe,1
bad,1
secret,1
sms,1
sexfshe,1
laughing,1
club,1
waiting,1
toughest,1
factory,1
incase,1
daddy,1
prefer,1
week,1
etcwhen,1
spirit,1
amen,1
nelson,1
mandela,1
studying,1
law,1
inevitable,1
university,1
whose,1
white,1
peters,1
disliked,1
intensely,1
ijebu,1
kunle,1
professor,1
arrears,1
happened,1
hon,1
lie,1
encourage,1
agbada,1
morning,1
celebrating,1
celebrants,1
pm,1
congratulations,1
meet,1
snap,1
encouraged,1
toby,1
teamwe,1
suit,1
wearing,1
guess,1
room,1
care,1
turn,1
express,1
meeting,1
losstake,1
trouble,1
helped,1
babe,1
litre,1
jerrican,1
th,1
thanks,1
brother,1
floor,1
door,1
boyfriend,1
laff,1
de,1
buhahahahaha,1
guys,1
standstill,1
garageabout,1
eeeh,1
longer,1
jesu,1
traffic,1
garage,1
took,1
okada,1
followed,1
jam,1
amin,1
step,1
yah,1
pm,1
hh,1
sincere,1
condolence,1
forgive,1
shortcomings,1
adegoke,1
lasts,1
muhammed,1
criticis,1
affluence,1
brother,1
held,1
hearing,1
tomrw,1
correct,1
version,1
complaining,1
prosperity,1
south,1
prehistoric,1
wat,1
year,1
longlife,1
prosperity,1
quick,1
bbnaija,1
africa,1
today,1
ogau,1
billion,1
free,1
loading,1
attachment,1
list,1
interview,1
forbess,1
hyde,1
dollar,1
pls,1
introduce,1
himself,1
said,1
soon,1
close,1
work,1
nigerians,1
tomrw,1
bro,1
thenationonlinengnetchinesegirlridesbicyclemoroccolagos,1
halleluyah,1
start,1
fela,1
durotoye,1
deliver,1
future,1
bade,1
sir,1
fresh,1
hold,1
opened,1
cheers,1
na,1
owner,1
must,1
theres,1
y,1
revelation,1
ve,1
plenty,1
opinionpple,1
nowgo,1
onlinedo,1
findings,1
humbly,1
little,1
bro,1
manwho,1
syoutubefhjsgzxzlgy,1
ijebu,1
sirlong,1
ojoro,1
general,1
consensus,1
arguing,1
platform,1
ahhhh,1
bossmay,1
